tweet_id,retweet_count,favorite_count,rating,intercept,group
666020888022790149,472,2455,0.8,1,low
666029285002620928,43,121,0.7,1,low
666033412701032449,43,117,0.9,1,low
666044226329800704,134,276,0.6,1,low
666049248165822465,41,99,0.5,1,low
666050758794694657,55,125,1.0,1,low
666051853826850816,791,1148,0.2,1,low
666055525042405380,224,414,1.0,1,low
666057090499244032,129,274,0.9,1,low
666058600524156928,55,107,0.8,1,low
666063827256086533,201,452,1.0,1,low
666071193221509120,54,137,0.9,1,low
666073100786774016,147,302,1.0,1,low
666082916733198337,42,104,0.6,1,low
666094000022159362,68,156,0.9,1,low
666099513787052032,62,143,0.8,1,low
666102155909144576,11,73,1.1,1,high
666104133288665088,6074,13621,0.1,1,low
666268910803644416,32,96,1.0,1,low
666273097616637952,74,161,1.1,1,high
666287406224695296,62,139,0.9,1,low
666293911632134144,324,470,0.3,1,low
666337882303524864,85,182,0.9,1,low
666345417576210432,129,279,1.0,1,low
666353288456101888,71,205,0.8,1,low
666362758909284353,531,735,0.6,1,low
666373753744588802,86,175,1.1,1,high
666396247373291520,80,159,0.9,1,low
666407126856765440,34,100,0.7,1,low
666411507551481857,311,417,0.2,1,low
666418789513326592,43,114,1.0,1,low
666421158376562688,107,304,1.2,1,high
666428276349472768,78,155,0.7,1,low
666430724426358785,180,300,0.6,1,low
666435652385423360,49,159,1.0,1,low
666437273139982337,42,117,0.7,1,low
666447344410484738,18,98,0.9,1,low
666454714377183233,203,495,1.0,1,low
666644823164719104,76,222,0.9,1,low
666649482315059201,594,1081,0.4,1,low
666691418707132416,45,180,0.8,1,low
666701168228331520,210,412,0.8,1,low
666739327293083650,62,224,1.0,1,low
666776908487630848,167,333,0.5,1,low
666781792255496192,183,368,1.0,1,low
666786068205871104,468,723,0.2,1,low
666804364988780544,86,224,0.8,1,low
666817836334096384,241,494,0.9,1,low
666826780179869698,91,244,1.2,1,high
666835007768551424,77,203,1.0,1,low
666837028449972224,535,782,0.3,1,low
666983947667116034,940,2463,1.1,1,high
666996132027977728,85,234,1.0,1,low
667012601033924608,215,431,0.9,1,low
667044094246576128,47,179,1.2,1,high
667062181243039745,51,211,1.0,1,low
667065535570550784,42,161,0.8,1,low
667073648344346624,115,385,1.0,1,low
667090893657276420,119,323,0.7,1,low
667119796878725120,124,319,1.0,1,low
667138269671505920,2116,4461,1.0,1,low
667152164079423490,16337,46250,1.2,1,high
667160273090932737,60,249,1.1,1,high
667165590075940865,1094,2599,1.0,1,low
667171260800061440,81,212,1.0,1,low
667174963120574464,76,235,0.9,1,low
667176164155375616,444,585,0.4,1,low
667177989038297088,53,184,0.8,1,low
667182792070062081,5956,13906,1.0,1,low
667188689915760640,390,722,1.0,1,low
667192066997374976,98,372,1.2,1,high
667200525029539841,255,596,1.1,1,high
667211855547486208,233,470,0.9,1,low
667369227918143488,155,353,1.0,1,low
667393430834667520,52,190,0.8,1,low
667405339315146752,215,453,0.7,1,low
667435689202614272,82,300,1.2,1,high
667437278097252352,227,439,1.0,1,low
667443425659232256,557,757,0.6,1,low
667453023279554560,85,299,1.1,1,high
667455448082227200,57,185,0.7,1,low
667470559035432960,94,249,1.1,1,high
667491009379606528,217,519,0.7,1,low
667495797102141441,259,505,0.9,1,low
667502640335572993,213,524,1.1,1,high
667509364010450944,2051,6606,1.2,1,high
667517642048163840,184,360,0.8,1,low
667524857454854144,1075,1651,1.2,1,high
667530908589760512,227,454,1.0,1,low
667534815156183040,505,799,0.8,1,low
667538891197542400,63,198,0.9,1,low
667544320556335104,506,843,0.7,1,low
667546741521195010,119,331,0.9,1,low
667549055577362432,2193,5624,0.1,1,low
667724302356258817,308,466,0.7,1,low
667728196545200128,144,368,1.1,1,high
667766675769573376,207,427,0.9,1,low
667773195014021121,54,230,0.8,1,low
667782464991965184,239,402,0.9,1,low
667793409583771648,318,686,0.8,1,low
667801013445750784,93,320,1.2,1,high
667806454573760512,476,1030,1.0,1,low
667832474953625600,60,288,1.2,1,high
667861340749471744,74,235,0.9,1,low
667866724293877760,996,2942,1.0,1,low
667873844930215936,392,615,1.0,1,low
667878741721415682,114,380,0.2,1,low
667885044254572545,465,796,1.0,1,low
667886921285246976,1045,1827,1.1,1,high
667902449697558528,367,832,0.9,1,low
667911425562669056,292,478,0.5,1,low
667915453470232577,54,201,1.0,1,low
667924896115245057,108,291,0.9,1,low
667937095915278337,769,1223,0.3,1,low
668113020489474048,232,655,0.6,1,low
668142349051129856,274,564,0.2,1,low
668154635664932864,299,481,0.9,1,low
668171859951755264,188,472,0.7,1,low
668190681446379520,192,633,1.2,1,high
668204964695683073,189,544,0.8,1,low
668221241640230912,192,501,1.0,1,low
668226093875376128,100,292,1.0,1,low
668237644992782336,2766,6045,1.0,1,low
668248472370458624,468,954,0.8,1,low
668256321989451776,587,1269,1.3,1,high
668268907921326080,230,543,1.0,1,low
668274247790391296,226,803,1.0,1,low
668286279830867968,133,492,1.1,1,high
668291999406125056,29,235,1.0,1,low
668297328638447616,293,612,0.9,1,low
668466899341221888,500,863,0.4,1,low
668480044826800133,142,447,1.1,1,high
668484198282485761,230,415,0.9,1,low
668496999348633600,127,401,0.8,1,low
668507509523615744,101,318,1.0,1,low
668528771708952576,217,449,1.2,1,high
668537837512433665,70,246,0.0,1,
668542336805281792,210,444,1.0,1,low
668544745690562560,215,502,1.0,1,low
668567822092664832,51,238,1.1,1,high
668614819948453888,311,605,0.7,1,low
668620235289837568,38,195,1.0,1,low
668623201287675904,741,1394,1.0,1,low
668625577880875008,127,378,1.0,1,low
668627278264475648,110,309,0.9,1,low
668631377374486528,308,693,0.5,1,low
668633411083464705,1578,2733,1.0,1,low
668636665813057536,480,1023,1.0,1,low
668641109086707712,526,1046,1.0,1,low
668643542311546881,517,857,0.3,1,low
668645506898350081,516,859,1.1,1,high
668655139528511488,213,518,1.1,1,high
668779399630725120,365,693,1.0,1,low
668815180734689280,261,556,0.7,1,low
668826086256599040,132,427,1.0,1,low
668852170888998912,158,444,1.1,1,high
668872652652679168,290,516,1.1,1,high
668892474547511297,146,390,1.1,1,high
668902994700836864,98,313,1.1,1,high
668932921458302977,55,258,0.9,1,low
668955713004314625,68,273,1.0,1,low
668960084974809088,233,690,1.0,1,low
668975677807423489,563,1270,1.1,1,high
668979806671884288,337,776,1.2,1,high
668981893510119424,296,526,0.4,1,low
668986018524233728,161,542,0.9,1,low
668988183816871936,453,880,0.7,1,low
668989615043424256,322,666,0.3,1,low
668992363537309700,334,727,0.8,1,low
668994913074286592,224,432,0.5,1,low
669000397445533696,6205,20426,1.1,1,high
669006782128353280,241,564,1.2,1,high
669015743032369152,366,727,1.0,1,low
669037058363662336,301,638,0.8,1,low
669203728096960512,462,984,0.9,1,low
669214165781868544,158,429,1.0,1,low
669216679721873412,396,1175,0.8,1,low
669324657376567296,201,492,1.1,1,high
669327207240699904,114,566,1.3,1,high
669328503091937280,409,998,1.2,1,high
669351434509529089,174,425,1.0,1,low
669353438988365824,255,625,1.0,1,low
669354382627049472,1247,2637,0.8,1,low
669359674819481600,118,366,1.1,1,high
669363888236994561,219,610,1.0,1,low
669367896104181761,146,454,1.0,1,low
669371483794317312,173,490,1.0,1,low
669375718304980992,706,1306,0.6,1,low
669393256313184256,72,356,1.0,1,low
669564461267722241,120,377,1.0,1,low
669567591774625800,54,230,0.9,1,low
669571471778410496,988,1565,0.7,1,low
669573570759163904,134,428,1.0,1,low
669583744538451968,901,1465,0.6,1,low
669597912108789760,147,506,1.0,1,low
669603084620980224,352,931,1.0,1,low
669625907762618368,1775,3457,1.2,1,high
669661792646373376,419,790,0.5,1,low
669680153564442624,276,653,0.8,1,low
669682095984410625,130,346,0.9,1,low
669683899023405056,108,380,1.0,1,low
669749430875258880,64,258,0.8,1,low
669753178989142016,386,797,1.0,1,low
669923323644657664,53,229,1.0,1,low
669926384437997569,98,366,1.2,1,high
669942763794931712,156,494,1.1,1,high
669970042633789440,58,299,1.0,1,low
669972011175813120,153,435,1.0,1,low
669993076832759809,82,319,0.9,1,low
670003130994700288,89,326,1.0,1,low
670037189829525505,263,581,0.5,1,low
670040295598354432,110,742,1.0,1,low
670046952931721218,166,634,1.1,1,high
670055038660800512,322,652,0.3,1,low
670061506722140161,326,747,1.1,1,high
670069087419133954,229,608,0.5,1,low
670073503555706880,764,1546,1.0,1,low
670079681849372674,1190,2179,1.0,1,low
670086499208155136,244,686,1.0,1,low
670093938074779648,325,1001,0.9,1,low
670290420111441920,275,690,1.1,1,high
670303360680108032,128,423,0.9,1,low
670319130621435904,1191,3800,1.1,1,high
670338931251150849,105,416,1.0,1,low
670361874861563904,63,323,0.9,1,low
670374371102445568,264,738,1.2,1,high
670385711116361728,199,549,0.8,1,low
670403879788544000,150,419,1.0,1,low
670408998013820928,215,546,1.0,1,low
670411370698022913,866,1982,1.2,1,high
670417414769758208,313,556,0.6,1,low
670420569653809152,305,610,1.0,1,low
670421925039075328,611,1275,1.2,1,high
670427002554466305,154,513,0.9,1,low
670428280563085312,601,1349,1.1,1,high
670433248821026816,109,322,1.0,1,low
670434127938719744,625,1366,0.9,1,low
670435821946826752,503,1030,1.0,1,low
670442337873600512,192,630,1.1,1,high
670444955656130560,1928,6573,1.0,1,low
670449342516494336,634,1170,0.5,1,low
670452855871037440,200,536,1.1,1,high
670465786746662913,535,949,0.7,1,low
670468609693655041,84,347,1.0,1,low
670474236058800128,720,1479,1.0,1,low
670668383499735048,4897,10460,1.0,1,low
670676092097810432,40,241,0.8,1,low
670679630144274432,275,736,0.8,1,low
670691627984359425,236,581,0.8,1,low
670704688707301377,361,759,0.6,1,low
670717338665226240,476,1174,1.2,1,high
670727704916926465,348,806,1.0,1,low
670733412878163972,498,937,0.8,1,low
670755717859713024,107,428,0.9,1,low
670764103623966721,408,1052,1.0,1,low
670778058496974848,71,324,1.0,1,low
670780561024270336,282,772,0.7,1,low
670782429121134593,746,1525,0.5,1,low
670783437142401025,377,806,0.1,1,low
670786190031921152,196,592,0.8,1,low
670789397210615808,232,649,0.9,1,low
670792680469889025,269,807,0.7,1,low
670797304698376195,231,721,1.1,1,high
670803562457407488,86,334,1.0,1,low
670804601705242624,931,1919,1.0,1,low
670807719151067136,481,1137,1.1,1,high
670811965569282048,264,1104,1.0,1,low
670815497391357952,1501,3110,1.0,1,low
670822709593571328,92,595,1.0,1,low
670823764196741120,182,760,1.2,1,high
670826280409919488,3951,5419,0.2,1,low
670832455012716544,209,720,1.0,1,low
670833812859932673,119,430,0.7,1,low
670838202509447168,675,1087,0.4,1,low
670840546554966016,189,579,1.0,1,low
670995969505435648,287,1085,1.2,1,high
671109016219725825,424,1122,0.8,1,low
671115716440031232,754,1342,0.6,1,low
671122204919246848,2461,3421,0.4,1,low
671134062904504320,188,733,0.8,1,low
671138694582165504,392,901,1.0,1,low
671141549288370177,641,1129,0.9,1,low
671147085991960577,212,651,0.9,1,low
671151324042559489,150,655,1.2,1,high
671154572044468225,211,698,0.9,1,low
671159727754231808,79,363,0.5,1,low
671163268581498880,1069,1619,0.8,1,low
671166507850801152,337,854,1.0,1,low
671182547775299584,332,1096,1.2,1,high
671186162933985280,206,721,1.0,1,low
671347597085433856,417,936,0.9,1,low
671355857343524864,114,475,1.0,1,low
671357843010908160,147,393,0.9,1,low
671362598324076544,291,1082,1.1,1,high
671390180817915904,732,1419,0.7,1,low
671485057807351808,227,747,1.1,1,high
671486386088865792,191,571,1.0,1,low
671488513339211776,459,986,0.8,1,low
671497587707535361,437,893,1.1,1,high
671504605491109889,3469,6846,1.1,1,high
671511350426865664,693,1570,0.8,1,low
671518598289059840,287,933,0.9,1,low
671520732782923777,517,1366,1.0,1,low
671528761649688577,252,829,1.0,1,low
671533943490011136,565,1004,0.6,1,low
671536543010570240,393,1154,0.9,1,low
671538301157904385,382,917,0.8,1,low
671542985629241344,550,1073,1.0,1,low
671544874165002241,1025,1935,0.6,1,low
671547767500775424,578,1317,1.0,1,low
671561002136281088,7055,12520,1.3,1,high
671729906628341761,4247,8329,1.3,1,high
671735591348891648,736,1412,1.1,1,high
671743150407421952,231,733,1.1,1,high
671744970634719232,741,1328,0.6,1,low
671763349865160704,888,1640,0.9,1,low
671768281401958400,492,1170,1.0,1,low
671789708968640512,3388,6911,1.3,1,high
671855973984772097,426,881,0.8,1,low
671866342182637568,478,1097,1.0,1,low
671874878652489728,539,1223,1.0,1,low
671879137494245376,651,1382,0.5,1,low
671882082306625538,1354,3397,1.1,1,high
671891728106971137,561,1298,1.1,1,high
671896809300709376,4063,8329,1.0,1,low
672068090318987265,504,1268,0.7,1,low
672082170312290304,354,925,1.1,1,high
672095186491711488,362,984,0.9,1,low
672125275208069120,1112,2339,1.1,1,high
672139350159835138,675,1707,1.2,1,high
672160042234327040,349,856,0.8,1,low
672169685991993344,359,997,1.0,1,low
672205392827572224,1121,2217,0.9,1,low
672222792075620352,205,767,0.9,1,low
672231046314901505,980,1787,0.5,1,low
672239279297454080,315,878,0.7,1,low
672245253877968896,153,673,1.2,1,high
672248013293752320,589,1694,1.0,1,low
672254177670729728,719,1407,1.1,1,high
672256522047614977,1507,2760,0.8,1,low
672264251789176834,327,1118,1.0,1,low
672267570918129665,601,1467,1.0,1,low
672272411274932228,3281,6327,1.1,1,high
672466075045466113,520,1327,1.2,1,high
672475084225949696,684,1406,0.8,1,low
672481316919734272,123,708,1.2,1,high
672482722825261057,583,1108,1.0,1,low
672488522314567680,427,1088,1.0,1,low
672523490734551040,163,621,1.0,1,low
672538107540070400,352,1011,0.7,1,low
672591271085670400,177,705,0.8,1,low
672591762242805761,328,930,1.0,1,low
672594978741354496,594,1309,0.9,1,low
672604026190569472,387,1093,1.1,1,high
672609152938721280,378,1092,0.9,1,low
672614745925664768,562,1202,0.6,1,low
672622327801233409,479,1271,1.2,1,high
672640509974827008,311,959,0.9,1,low
672828477930868736,478,1234,0.9,1,low
672834301050937345,551,1294,1.0,1,low
672877615439593473,349,1014,0.8,1,low
672884426393653248,820,1514,0.6,1,low
672898206762672129,415,888,1.1,1,high
672902681409806336,490,1340,0.9,1,low
672964561327235073,623,1393,1.0,1,low
672968025906282496,526,1297,1.1,1,high
672970152493887488,349,930,0.7,1,low
672975131468300288,886,1644,1.0,1,low
672980819271634944,982,1783,0.5,1,low
672984142909456390,532,1234,0.9,1,low
672988786805112832,284,968,1.0,1,low
672995267319328768,283,933,0.8,1,low
672997845381865473,698,1927,1.2,1,high
673148804208660480,612,1660,0.8,1,low
673213039743795200,825,2198,1.0,1,low
673240798075449344,710,1399,0.6,1,low
673270968295534593,353,1050,1.1,1,high
673295268553605120,3101,7375,0.9,1,low
673317986296586240,248,860,1.0,1,low
673320132811366400,7737,13228,1.1,1,high
673342308415348736,565,1243,1.0,1,low
673343217010679808,265,948,1.1,1,high
673345638550134785,1232,2455,0.7,1,low
673350198937153538,205,734,0.9,1,low
673352124999274496,527,1633,1.2,1,high
673355879178194945,560,1469,1.1,1,high
673359818736984064,658,1419,0.8,1,low
673363615379013632,297,1001,1.1,1,high
673576835670777856,549,1360,0.7,1,low
673580926094458881,266,816,0.8,1,low
673583129559498752,350,1169,1.1,1,high
673612854080196609,707,1578,0.7,1,low
673636718965334016,351,1086,1.0,1,low
673656262056419329,234,702,1.0,1,low
673662677122719744,357,1229,1.2,1,high
673680198160809984,456,1347,1.3,1,high
673686845050527744,431,1414,1.1,1,high
673688752737402881,483,1244,0.9,1,low
673689733134946305,635,1702,1.1,1,high
673697980713705472,1904,3727,0.8,1,low
673700254269775872,552,1411,0.3,1,low
673705679337693185,396,1236,0.8,1,low
673707060090052608,383,1082,1.0,1,low
673708611235921920,278,1059,1.2,1,high
673709992831262724,267,825,1.2,1,high
673711475735838725,297,1020,1.0,1,low
673715861853720576,2023,3487,0.4,1,low
673887867907739649,249,920,1.0,1,low
673906403526995968,1606,3138,0.3,1,low
673919437611909120,363,1146,1.1,1,high
673956914389192708,933,1918,1.0,1,low
674008982932058114,343,1179,1.0,1,low
674014384960745472,622,1535,1.1,1,high
674019345211760640,298,1108,1.0,1,low
674024893172875264,1195,1755,1.0,1,low
674036086168010753,204,835,0.9,1,low
674038233588723717,407,1085,1.2,1,high
674042553264685056,123,711,1.2,1,high
674045139690631169,627,1390,0.3,1,low
674051556661161984,482,1424,1.0,1,low
674053186244734976,1272,3255,1.0,1,low
674063288070742018,2165,6265,0.5,1,low
674075285688614912,280,973,1.1,1,high
674082852460433408,164,746,1.1,1,high
674255168825880576,540,1446,1.0,1,low
674262580978937856,445,1283,0.9,1,low
674265582246694913,837,1617,0.2,1,low
674269164442398721,224,891,0.8,1,low
674271431610523648,721,1542,1.0,1,low
674291837063053312,5767,14509,1.1,1,high
674318007229923329,510,1389,0.8,1,low
674372068062928900,308,832,1.0,1,low
674394782723014656,560,1486,0.8,1,low
674410619106390016,452,1183,1.0,1,low
674416750885273600,137,671,1.0,1,low
674422304705744896,532,1418,1.2,1,high
674436901579923456,385,1094,0.9,1,low
674447403907457024,350,1042,1.0,1,low
674468880899788800,2003,6132,1.3,1,high
674632714662858753,563,1478,0.5,1,low
674638615994089473,568,1661,1.2,1,high
674644256330530816,262,1014,1.1,1,high
674646392044941312,483,1419,0.6,1,low
674664755118911488,249,900,1.0,1,low
674670581682434048,638,1580,0.9,1,low
674690135443775488,464,1129,0.3,1,low
674737130913071104,88,636,0.7,1,low
674739953134403584,380,1087,1.1,1,high
674743008475090944,544,1384,1.0,1,low
674752233200820224,457,1442,1.2,1,high
674754018082705410,441,1349,1.2,1,high
674764817387900928,231,781,1.0,1,low
674767892831932416,774,1806,1.2,1,high
674774481756377088,462,1096,1.1,1,high
674781762103414784,1182,1969,0.8,1,low
674788554665512960,203,807,0.9,1,low
674790488185167872,244,1088,1.3,1,high
674793399141146624,1072,2477,1.3,1,high
674800520222154752,847,2983,1.1,1,high
674805413498527744,350,849,1.0,1,low
674999807681908736,1091,2217,1.3,1,high
675003128568291329,462,1542,1.2,1,high
675006312288268288,222,970,1.0,1,low
675015141583413248,1173,2676,1.0,1,low
675047298674663426,321,1051,1.1,1,high
675109292475830276,1121,2763,0.9,1,low
675111688094527488,248,951,0.8,1,low
675113801096802304,774,1929,1.0,1,low
675135153782571009,483,1279,0.5,1,low
675145476954566656,889,2111,0.9,1,low
675146535592706048,297,1173,0.7,1,low
675147105808306176,230,932,1.0,1,low
675149409102012420,1660,3694,1.2,1,high
675153376133427200,2548,6207,0.1,1,low
675166823650848770,1578,3558,1.0,1,low
675334060156301312,1268,2748,1.2,1,high
675349384339542016,2242,3873,1.3,1,high
675354435921575936,16709,32342,1.3,1,high
675362609739206656,227,1033,1.2,1,high
675372240448454658,509,1675,1.3,1,high
675432746517426176,558,1509,1.2,1,high
675483430902214656,969,1820,0.5,1,low
675489971617296384,593,1288,1.0,1,low
675497103322386432,1283,3108,1.1,1,high
675501075957489664,5764,17002,1.3,1,high
675517828909424640,461,1281,1.2,1,high
675522403582218240,285,1031,1.0,1,low
675531475945709568,376,1180,1.0,1,low
675534494439489536,410,1802,1.1,1,high
675706639471788032,94,639,1.0,1,low
675707330206547968,680,1959,1.1,1,high
675710890956750848,809,1874,1.2,1,high
675740360753160193,343,1163,1.2,1,high
675781562965868544,463,1620,1.1,1,high
675798442703122432,3382,10194,1.0,1,low
675820929667219457,230,1042,1.1,1,high
675822767435051008,530,1505,1.0,1,low
675845657354215424,867,2255,1.0,1,low
675853064436391936,1282,2671,1.1,1,high
675870721063669760,564,1626,1.1,1,high
675878199931371520,1388,4152,1.1,1,high
675888385639251968,949,2368,1.0,1,low
675891555769696257,847,2121,0.6,1,low
675898130735476737,566,1609,1.0,1,low
676089483918516224,432,1307,0.9,1,low
676098748976615425,1414,2990,0.3,1,low
676101918813499392,1152,2806,1.1,1,high
676146341966438401,657,1906,1.0,1,low
676191832485810177,1029,2274,0.8,1,low
676215927814406144,574,1732,0.9,1,low
676219687039057920,30851,75428,1.0,1,low
676237365392908289,286,1212,0.8,1,low
676263575653122048,546,2074,1.0,1,low
676430933382295552,344,1393,1.0,1,low
676440007570247681,663,1715,1.1,1,high
676470639084101634,4646,11565,1.1,1,high
676496375194980353,529,1512,0.9,1,low
676533798876651520,550,1868,1.2,1,high
676575501977128964,1110,2579,0.8,1,low
676582956622721024,277,1195,0.8,1,low
676588346097852417,782,2311,0.5,1,low
676603393314578432,379,1152,0.9,1,low
676606785097199616,432,1879,1.2,1,high
676613908052996102,199,1082,1.2,1,high
676617503762681856,960,2882,1.3,1,high
676776431406465024,2022,4997,1.0,1,low
676811746707918848,420,1416,0.9,1,low
676819651066732545,664,1812,1.2,1,high
676821958043033607,15577,22971,1.1,1,high
676864501615042560,709,2098,1.0,1,low
676897532954456065,716,2239,0.5,1,low
676936541936185344,4914,12688,0.8,1,low
676942428000112642,748,2072,0.9,1,low
676946864479084545,369,1727,1.2,1,high
676948236477857792,859,2172,0.6,1,low
676949632774234114,392,1309,0.8,1,low
676957860086095872,808,2237,1.0,1,low
676975532580409345,1069,2780,1.1,1,high
677187300187611136,919,2744,0.9,1,low
677228873407442944,1640,3553,1.1,1,high
677269281705472000,708,1993,1.0,1,low
677301033169788928,403,1240,0.5,1,low
677314812125323265,530,1643,1.0,1,low
677328882937298944,1506,3641,1.0,1,low
677331501395156992,235,1088,0.9,1,low
677334615166730240,283,1346,0.9,1,low
677530072887205888,228,1066,0.9,1,low
677547928504967168,3668,6937,1.2,1,high
677557565589463040,1152,2442,1.0,1,low
677565715327688705,462,1299,0.6,1,low
677573743309385728,710,2131,1.0,1,low
677644091929329666,800,1862,1.1,1,high
677662372920729601,958,1946,1.2,1,high
677673981332312066,1506,3338,0.9,1,low
677687604918272002,849,2489,1.1,1,high
677698403548192770,318,1233,0.9,1,low
677700003327029250,1444,3391,1.0,1,low
677716515794329600,976,3064,1.2,1,high
677895101218201600,2086,4856,0.9,1,low
677918531514703872,409,1353,1.0,1,low
678021115718029313,6351,13739,1.2,1,high
678255464182861824,363,1600,0.9,1,low
678278586130948096,6087,11472,1.0,1,low
678334497360859136,257,1311,1.0,1,low
678341075375947776,541,1739,1.2,1,high
678380236862578688,915,2456,1.0,1,low
678389028614488064,428,1883,1.1,1,high
678396796259975168,416,1604,1.2,1,high
678399652199309312,31917,79571,1.2,1,high
678410210315247616,1820,4237,1.0,1,low
678424312106393600,2555,5505,0.2,1,low
678446151570427904,1553,4019,1.0,1,low
678643457146150913,415,2057,1.0,1,low
678675843183484930,1477,2877,0.2,1,low
678740035362037760,1688,3774,0.6,1,low
678755239630127104,3307,7165,1.0,1,low
678764513869611008,476,1642,1.0,1,low
678767140346941444,1364,3561,0.8,1,low
678774928607469569,912,2824,1.1,1,high
678798276842360832,1166,3467,0.7,1,low
678800283649069056,905,2594,1.2,1,high
678969228704284672,464,1661,1.1,1,high
678991772295516161,1178,2326,1.2,1,high
679047485189439488,669,2262,0.9,1,low
679062614270468097,8174,17123,1.1,1,high
679111216690831360,2588,6005,1.2,1,high
679132435750195208,1157,2982,1.0,1,low
679148763231985668,1036,2800,0.8,1,low
679158373988876288,8113,21531,1.1,1,high
679462823135686656,18974,31907,1.1,1,high
679475951516934144,643,2108,0.9,1,low
679503373272485890,1484,3183,0.8,1,low
679511351870550016,1273,3395,0.7,1,low
679527802031484928,726,2663,1.1,1,high
679530280114372609,2092,4829,0.7,1,low
679722016581222400,467,1671,0.8,1,low
679729593985699840,832,2179,0.8,1,low
679736210798047232,803,2110,0.9,1,low
679777920601223168,1111,3115,1.0,1,low
679828447187857408,14145,36603,1.3,1,high
679844490799091713,773,2390,1.0,1,low
679854723806179328,1241,2886,0.7,1,low
679862121895714818,628,2476,1.1,1,high
679877062409191424,655,1999,0.5,1,low
680070545539371008,886,2611,0.9,1,low
680085611152338944,9059,12921,1.2,1,high
680100725817409536,1384,3611,1.1,1,high
680115823365742593,912,2744,0.9,1,low
680130881361686529,954,2314,1.0,1,low
680145970311643136,1756,3660,1.0,1,low
680161097740095489,743,2351,1.2,1,high
680176173301628928,1562,3932,1.0,1,low
680191257256136705,506,2169,1.1,1,high
680206703334408192,1186,2865,1.2,1,high
680221482581123072,296,1476,1.0,1,low
680440374763077632,499,1462,1.1,1,high
680473011644985345,749,2578,1.0,1,low
680494726643068929,488,1743,1.126,1,high
680497766108381184,1935,4278,1.2,1,high
680583894916304897,1357,3666,0.8,1,low
680609293079592961,714,2669,0.9,1,low
680798457301471234,1044,2877,0.6,1,low
680801747103793152,824,2400,1.0,1,low
680836378243002368,1335,3509,1.2,1,high
680889648562991104,366,1783,0.9,1,low
680913438424612864,632,2433,1.1,1,high
680934982542561280,440,2101,1.0,1,low
680940246314430465,1057,3232,0.4,1,low
680959110691590145,2023,4622,0.9,1,low
680970795137544192,668,2451,0.9,1,low
681193455364796417,1502,3739,1.1,1,high
681231109724700672,494,2439,1.1,1,high
681242418453299201,541,1507,1.0,1,low
681261549936340994,277,1473,0.9,1,low
681281657291280384,1109,3262,1.1,1,high
681297372102656000,964,3244,1.2,1,high
681302363064414209,1839,3977,0.3,1,low
681320187870711809,752,2664,1.1,1,high
681339448655802368,4138,9413,0.9,1,low
681523177663676416,5838,14474,1.2,1,high
681579835668455424,1313,3595,0.8,1,low
681610798867845120,474,1933,1.2,1,high
681654059175129088,933,2666,1.2,1,high
681679526984871937,449,1793,0.7,1,low
681694085539872773,4111,12924,1.1,1,high
681891461017812993,829,2493,1.0,1,low
681981167097122816,1045,2835,1.2,1,high
682003177596559360,1548,3173,0.5,1,low
682032003584274432,2038,6652,1.1,1,high
682047327939461121,952,3228,1.0,1,low
682059653698686977,1704,4997,1.1,1,high
682242692827447297,1178,3293,1.1,1,high
682259524040966145,1223,4202,0.9,1,low
682303737705140231,992,3091,0.9,1,low
682389078323662849,468,1677,0.9,1,low
682393905736888321,682,2260,1.1,1,high
682406705142087680,1789,7667,0.7,1,low
682429480204398592,1171,3466,0.8,1,low
682638830361513985,607,2093,1.2,1,high
682662431982772225,1092,3102,1.1,1,high
682697186228989953,362,1329,1.2,1,high
682750546109968385,443,1534,0.9,1,low
682788441537560576,1119,2506,1.2,1,high
682962037429899265,16819,37327,1.0,1,low
683030066213818368,745,2182,1.0,1,low
683078886620553216,569,2011,0.9,1,low
683098815881154561,668,2189,1.2,1,high
683111407806746624,924,3442,1.0,1,low
683142553609318400,1054,2907,0.9,1,low
683357973142474752,934,2960,1.0,1,low
683391852557561860,2429,7728,1.1,1,high
683449695444799489,1618,3944,1.0,1,low
683462770029932544,682,2452,0.8,1,low
683481228088049664,1007,2678,1.1,1,high
683498322573824003,970,3210,1.1,1,high
683742671509258241,3352,6563,1.1,1,high
683773439333797890,1374,3382,0.9,1,low
683828599284170753,1076,2832,1.2,1,high
683834909291606017,1127,2652,0.9,1,low
683849932751646720,983,2639,0.5,1,low
683852578183077888,349,1952,1.0,1,low
683857920510050305,1134,3837,1.0,1,low
684097758874210310,1446,4172,1.0,1,low
684122891630342144,475,2033,1.1,1,high
684177701129875456,671,2042,1.0,1,low
684188786104872960,1191,3530,1.0,1,low
684195085588783105,519,1940,0.9,1,low
684200372118904832,1051,2187,0.6,1,low
684222868335505415,1391,3869,1.1,1,high
684225744407494656,212,1243,1.1,1,high
684241637099323392,3338,8259,1.2,1,high
684460069371654144,568,2000,1.0,1,low
684481074559381504,1178,3929,1.0,1,low
684538444857667585,963,2677,1.2,1,high
684567543613382656,1240,3060,0.4,1,low
684594889858887680,3563,9018,1.0,1,low
684800227459624960,1015,2757,1.1,1,high
684880619965411328,828,2128,0.5,1,low
684902183876321280,537,1900,1.1,1,high
684914660081053696,1472,3557,1.2,1,high
684926975086034944,466,3540,1.1,1,high
684940049151070208,1058,3259,1.2,1,high
684959798585110529,3171,6908,0.5,1,low
685169283572338688,1440,4165,1.1,1,high
685198997565345792,674,2368,1.1,1,high
685268753634967552,1215,3138,1.0,1,low
685307451701334016,448,2099,1.1,1,high
685315239903100929,1069,3387,1.1,1,high
685321586178670592,652,2685,1.0,1,low
685325112850124800,4023,9580,1.0,1,low
685532292383666176,1178,3069,0.9,1,low
685547936038666240,15871,33390,1.4,1,high
685641971164143616,791,2975,0.7,1,low
685663452032069632,1476,3288,1.2,1,high
685667379192414208,580,2388,0.9,1,low
685906723014619143,2938,7616,0.9,1,low
685943807276412928,603,1651,0.8,1,low
685973236358713344,530,2122,1.1,1,high
686003207160610816,642,1847,0.3,1,low
686007916130873345,420,2521,1.1,1,high
686034024800862208,1164,3142,1.2,1,high
686050296934563840,734,2238,1.1,1,high
686358356425093120,677,2211,1.0,1,low
686377065986265092,577,2229,1.0,1,low
686386521809772549,892,3299,1.1,1,high
686606069955735556,551,1916,1.0,1,low
686618349602762752,1382,3749,1.1,1,high
686683045143953408,816,2857,1.1,1,high
686730991906516992,1215,4189,1.2,1,high
686749460672679938,1470,3518,0.8,1,low
686947101016735744,3230,8748,1.1,1,high
687096057537363968,609,2271,1.1,1,high
687102708889812993,993,2365,0.5,1,low
687109925361856513,2489,5877,1.1,1,high
687124485711986689,510,2190,1.1,1,high
687127927494963200,2311,5519,0.9,1,low
687312378585812992,1924,4409,0.7,1,low
687317306314240000,9294,20398,1.1,1,high
687460506001633280,546,2078,1.0,1,low
687476254459715584,543,2015,1.1,1,high
687480748861947905,245,1619,1.2,1,high
687494652870668288,579,1923,0.7,1,low
687664829264453632,513,1970,1.1,1,high
687704180304273409,852,2455,0.9,1,low
687807801670897665,722,2420,1.1,1,high
687818504314159109,958,2519,1.2,1,high
687826841265172480,1130,2775,1.2,1,high
688064179421470721,364,1748,1.1,1,high
688116655151435777,787,2864,1.0,1,low
688179443353796608,588,2160,1.0,1,low
688211956440801280,839,2265,1.3,1,high
688385280030670848,4525,9412,1.2,1,high
688519176466644993,731,2344,1.2,1,high
688547210804498433,710,2637,0.9,1,low
688789766343622656,669,2241,0.8,1,low
688804835492233216,192,973,1.2,1,high
688828561667567616,375,1394,0.9,1,low
688894073864884227,702,2266,0.7,1,low
688898160958271489,790,2124,1.0,1,low
688908934925697024,781,2139,0.8,1,low
688916208532455424,883,2753,1.1,1,high
689143371370250240,519,2036,1.0,1,low
689154315265683456,1011,3111,0.9,1,low
689275259254616065,243,1164,1.0,1,low
689280876073582592,721,2007,1.0,1,low
689283819090870273,1115,3314,0.9,1,low
689289219123089408,953,2275,1.3,1,high
689517482558820352,1453,3441,1.2,1,high
689557536375177216,460,2072,1.2,1,high
689599056876867584,5597,11778,1.1,1,high
689623661272240129,642,2250,1.0,1,low
689659372465688576,3932,10489,0.8,1,low
689661964914655233,937,3252,1.2,1,high
689835978131935233,752,2182,1.0,1,low
689877686181715968,1185,3067,0.9,1,low
689905486972461056,702,2464,1.1,1,high
689977555533848577,455,1390,1.2,1,high
689999384604450816,372,1443,1.0,1,low
690005060500217858,1704,3703,1.0,1,low
690015576308211712,741,2525,1.2,1,high
690021994562220032,1040,2823,1.0,1,low
690248561355657216,417,1693,1.1,1,high
690360449368465409,895,2697,0.9,1,low
690374419777196032,859,3290,1.1,1,high
690400367696297985,459,1907,0.8,1,low
690597161306841088,611,1983,1.1,1,high
690649993829576704,284,1320,1.1,1,high
690690673629138944,822,2354,1.0,1,low
690728923253055490,524,2197,0.8,1,low
690735892932222976,1285,3825,1.3,1,high
690932576555528194,1041,3326,1.2,1,high
690938899477221376,1993,4156,1.0,1,low
690959652130045952,1268,3630,1.1,1,high
691090071332753408,339,1734,1.2,1,high
691096613310316544,888,2989,1.1,1,high
691321916024623104,670,2601,1.1,1,high
691416866452082688,7731,19569,1.3,1,high
691444869282295808,857,2685,1.2,1,high
691459709405118465,1151,4097,1.2,1,high
691483041324204033,569,2412,0.7,1,low
691675652215414786,516,1975,1.0,1,low
691756958957883396,1018,2904,1.0,1,low
691820333922455552,1675,3996,0.8,1,low
692017291282812928,968,2910,0.9,1,low
692142790915014657,398,1670,1.3,1,high
692158366030913536,794,2169,1.0,1,low
692187005137076224,831,2556,1.2,1,high
692417313023332352,3510,9460,0.7,1,low
692530551048294401,420,1855,1.0,1,low
692535307825213440,1383,3209,1.0,1,low
692568918515392513,1563,4412,1.2,1,high
692752401762250755,3681,6898,1.3,1,high
692828166163931137,892,2905,1.2,1,high
692894228850999298,818,2297,1.0,1,low
692901601640583168,609,1787,1.0,1,low
692905862751522816,882,2458,1.0,1,low
692919143163629568,761,2702,0.9,1,low
693095443459342336,469,1880,1.0,1,low
693109034023534592,624,1736,1.1,1,high
693155686491000832,3252,7966,1.2,1,high
693231807727280129,747,2897,0.9,1,low
693262851218264065,507,2245,1.1,1,high
693280720173801472,1249,3392,1.0,1,low
693486665285931008,645,1800,1.1,1,high
693590843962331137,1981,5109,0.3,1,low
693622659251335168,378,1558,1.0,1,low
693629975228977152,802,2469,1.2,1,high
693642232151285760,416,2566,0.9,1,low
693647888581312512,599,2719,0.7,1,low
693942351086120961,373,1760,1.0,1,low
694001791655137281,1036,3444,1.1,1,high
694183373896572928,938,2985,0.9,1,low
694206574471057408,2062,4213,1.0,1,low
694329668942569472,507,2027,0.9,1,low
694352839993344000,626,2053,0.7,1,low
694356675654983680,289,1521,1.0,1,low
694669722378485760,14568,36209,1.2,1,high
694905863685980160,946,2782,1.0,1,low
695051054296211456,790,2686,0.6,1,low
695064344191721472,593,1615,1.3,1,high
695074328191332352,1113,2872,1.1,1,high
695095422348574720,623,2660,1.2,1,high
695314793360662529,1467,3670,1.0,1,low
695409464418041856,3621,8762,1.0,1,low
695446424020918272,1836,4441,1.2,1,high
695629776980148225,2126,4623,0.8,1,low
695767669421768709,760,1884,1.3,1,high
695794761660297217,784,3206,1.3,1,high
695816827381944320,1180,3049,1.1,1,high
696405997980676096,1168,3240,0.7,1,low
696488710901260288,1029,2568,1.2,1,high
696713835009417216,659,2396,0.9,1,low
696754882863349760,365,1498,1.0,1,low
696877980375769088,716,2468,0.9,1,low
696886256886657024,1826,4923,1.2,1,high
696894894812565505,685,2365,0.9,1,low
696900204696625153,1029,3206,1.2,1,high
697242256848379904,679,2543,1.0,1,low
697255105972801536,1174,3064,1.0,1,low
697259378236399616,1017,3336,0.8,1,low
697270446429966336,1903,4748,1.0,1,low
697463031882764288,1410,3461,1.1,1,high
697482927769255936,680,2442,1.1,1,high
697575480820686848,500,2066,0.8,1,low
697596423848730625,1274,3058,1.1,1,high
697616773278015490,1020,3204,1.1,1,high
697881462549430272,1197,3046,1.0,1,low
697943111201378304,691,2427,1.0,1,low
697990423684476929,1309,3329,1.1,1,high
697995514407682048,335,1536,1.1,1,high
698178924120031232,746,2840,1.0,1,low
698195409219559425,6042,16956,0.9,1,low
698262614669991936,2023,4816,1.1,1,high
698342080612007937,963,2289,1.1,1,high
698355670425473025,456,1886,1.0,1,low
698549713696649216,632,2353,0.9,1,low
698635131305795584,343,1308,1.2,1,high
698703483621523456,384,1464,0.7,1,low
698710712454139905,686,2501,1.0,1,low
698907974262222848,633,2575,1.0,1,low
698953797952008193,916,2723,1.1,1,high
698989035503689728,988,3402,1.3,1,high
699036661657767936,1210,2637,1.3,1,high
699072405256409088,1207,3023,1.2,1,high
699079609774645248,666,2481,0.8,1,low
699088579889332224,641,2264,0.3,1,low
699323444782047232,870,3196,1.0,1,low
699370870310113280,446,1913,1.1,1,high
699413908797464576,630,2102,1.1,1,high
699423671849451520,329,1385,1.0,1,low
699434518667751424,520,2191,1.2,1,high
699446877801091073,2651,6021,1.2,1,high
699691744225525762,4674,10394,0.5,1,low
699775878809702401,609,1980,1.1,1,high
699779630832685056,1255,2786,1.0,1,low
699788877217865730,511,2262,1.2,1,high
699801817392291840,963,3101,1.1,1,high
700002074055016451,1356,3357,0.9,1,low
700029284593901568,595,2098,1.0,1,low
700062718104104960,699,2683,0.6,1,low
700143752053182464,2765,7624,1.0,1,low
700151421916807169,680,2260,1.1,1,high
700167517596164096,747,2662,1.0,1,low
700462010979500032,1811,4181,0.6,1,low
700505138482569216,583,2316,1.2,1,high
700518061187723268,804,2652,1.0,1,low
700747788515020802,9440,23141,1.1,1,high
700796979434098688,958,2469,0.7,1,low
700847567345688576,507,2489,1.0,1,low
700864154249383937,627,2629,1.2,1,high
700890391244103680,571,2237,1.1,1,high
701214700881756160,5176,12358,1.2,1,high
701545186879471618,615,2684,1.0,1,low
701570477911896070,935,2848,0.9,1,low
701601587219795968,457,2112,1.0,1,low
701889187134500865,1406,3585,1.1,1,high
701952816642965504,1039,3887,1.1,1,high
701981390485725185,1000,3490,1.2,1,high
702217446468493312,1355,4842,0.9,1,low
702276748847800320,773,2496,1.1,1,high
702321140488925184,1053,3308,1.2,1,high
702539513671897089,972,2920,1.2,1,high
702598099714314240,3481,12342,1.1,1,high
702671118226825216,564,2222,1.0,1,low
702684942141153280,1083,3262,1.1,1,high
702932127499816960,734,2618,0.6,1,low
703041949650034688,12643,26675,1.0,1,low
703079050210877440,3121,7485,1.1,1,high
703268521220972544,555,1987,1.2,1,high
703356393781329922,390,1939,0.5,1,low
703382836347330562,1155,3551,1.2,1,high
703407252292673536,703,2476,1.0,1,low
703425003149250560,1379,3839,0.9,1,low
703611486317502464,1541,3896,1.0,1,low
703631701117943808,687,2622,1.1,1,high
703769065844768768,1154,3317,1.0,1,low
703774238772166656,470,1862,1.0,1,low
704054845121142784,928,2963,1.2,1,high
704113298707505153,573,1871,0.8,1,low
704347321748819968,354,1601,1.0,1,low
704364645503647744,3593,8089,1.2,1,high
704480331685040129,1081,3434,1.1,1,high
704499785726889984,1026,2958,1.2,1,high
704761120771465216,2938,6695,1.3,1,high
704819833553219584,1002,2677,0.7,1,low
704847917308362754,1552,5146,1.2,1,high
704859558691414016,547,2275,1.0,1,low
704871453724954624,1125,4315,1.2,1,high
705066031337840642,624,2198,1.2,1,high
705102439679201280,520,2167,1.0,1,low
705223444686888960,807,2608,0.9,1,low
705239209544720384,759,3042,1.1,1,high
705428427625635840,1706,3854,1.1,1,high
705442520700944385,1643,4481,1.2,1,high
705475953783398401,929,2992,1.2,1,high
705591895322394625,1162,3209,1.1,1,high
705786532653883392,524,1965,1.1,1,high
705898680587526145,558,2392,1.0,1,low
705970349788291072,904,3197,1.2,1,high
705975130514706432,738,3141,1.0,1,low
706166467411222528,1622,5217,0.7,1,low
706265994973601792,944,2763,1.1,1,high
706291001778950144,480,1720,1.1,1,high
706310011488698368,8024,21595,1.2,1,high
706346369204748288,940,3487,1.2,1,high
706516534877929472,1042,3136,1.2,1,high
706538006853918722,1444,3502,1.1,1,high
706593038911545345,641,2184,1.0,1,low
706644897839910912,1106,2605,0.9,1,low
706681918348251136,984,3340,1.2,1,high
706901761596989440,600,2086,0.3,1,low
707014260413456384,598,2332,1.1,1,high
707021089608753152,1386,4126,1.2,1,high
707038192327901184,797,2212,1.0,1,low
707059547140169728,682,2623,1.1,1,high
707297311098011648,793,2811,1.0,1,low
707315916783140866,648,2505,1.0,1,low
707377100785885184,1097,3310,0.9,1,low
707387676719185920,1300,3537,1.0,1,low
707411934438625280,604,2314,1.1,1,high
707420581654872064,704,2301,0.4,1,low
707610948723478529,6432,17168,1.2,1,high
707693576495472641,1009,3460,0.7,1,low
707741517457260545,620,2514,1.0,1,low
707776935007539200,964,3317,1.1,1,high
707969809498152960,975,2739,1.1,1,high
707995814724026368,1129,3168,1.2,1,high
708026248782585858,1939,4420,1.3,1,high
708109389455101952,554,1972,1.0,1,low
708119489313951744,992,2720,0.9,1,low
708130923141795840,855,3428,1.1,1,high
708149363256774660,1565,4328,1.0,1,low
708349470027751425,746,2377,1.1,1,high
708356463048204288,1333,3623,1.0,1,low
708469915515297792,826,3127,1.1,1,high
708479650088034305,683,2580,1.3,1,high
708711088997666817,727,2570,1.1,1,high
708738143638450176,822,2776,1.1,1,high
708810915978854401,7002,16657,1.0,1,low
708834316713893888,506,1703,1.0,1,low
708845821941387268,907,3031,0.9,1,low
709042156699303936,1651,4794,0.9,1,low
709158332880297985,418,2056,1.0,1,low
709198395643068416,649,2449,0.9,1,low
709207347839836162,5870,12708,1.1,1,high
709225125749587968,578,2433,1.1,1,high
709409458133323776,690,2651,0.8,1,low
709449600415961088,579,2262,1.0,1,low
709519240576036864,239,1507,0.9,1,low
709556954897764353,1084,3335,1.2,1,high
709566166965075968,1217,3581,1.2,1,high
709852847387627521,1207,3559,1.2,1,high
709901256215666688,100,679,1.2,1,high
709918798883774466,1077,3028,1.2,1,high
710117014656950272,2005,5552,1.1,1,high
710140971284037632,890,2786,0.8,1,low
710153181850935296,898,2938,1.1,1,high
710269109699739648,1134,2416,1.3,1,high
710272297844797440,1261,4582,1.1,1,high
710283270106132480,522,2170,1.1,1,high
710588934686908417,1893,4589,1.2,1,high
710658690886586372,569,2335,1.0,1,low
710833117892898816,538,2717,1.2,1,high
710844581445812225,695,2574,1.0,1,low
710997087345876993,1395,4608,1.2,1,high
711008018775851008,617,3016,1.1,1,high
711306686208872448,742,3355,0.3,1,low
711363825979756544,1151,3696,1.1,1,high
711652651650457602,925,3893,0.9,1,low
711694788429553666,18532,33175,1.3,1,high
711732680602345472,4153,8952,1.0,1,low
711743778164514816,991,2873,1.1,1,high
711968124745228288,2330,8152,1.0,1,low
712065007010385924,634,2288,0.6,1,low
712085617388212225,489,3298,1.1,1,high
712092745624633345,897,2965,0.7,1,low
712097430750289920,1044,3824,1.0,1,low
712438159032893441,1582,5374,1.1,1,high
712668654853337088,1227,4211,1.0,1,low
712717840512598017,5046,12449,1.0,1,low
712809025985978368,6758,18710,1.0,1,low
713175907180089344,1482,4499,1.0,1,low
713177543487135744,2859,7295,1.0,1,low
713411074226274305,1304,4471,1.1,1,high
713761197720473600,1390,4918,1.2,1,high
713900603437621249,749,2870,1.1,1,high
713919462244790272,793,3332,1.2,1,high
714141408463036416,1418,4350,1.0,1,low
714214115368108032,881,2290,1.3,1,high
714251586676113411,838,3303,0.8,1,low
714258258790387713,722,3059,0.9,1,low
714606013974974464,937,3658,1.2,1,high
714631576617938945,1007,3305,0.4,1,low
714957620017307648,1415,4159,1.0,1,low
714982300363173890,1047,3772,0.9,1,low
715009755312439296,1245,4193,1.2,1,high
715200624753819648,1905,5190,1.2,1,high
715220193576927233,656,2437,1.0,1,low
715342466308784130,694,3065,1.0,1,low
715360349751484417,1585,5521,1.1,1,high
715680795826982913,1629,4356,1.2,1,high
715696743237730304,1301,3944,1.0,1,low
715733265223708672,1701,4704,1.0,1,low
715928423106027520,886,3227,1.1,1,high
716080869887381504,1929,6793,1.1,1,high
716285507865542656,1070,2798,1.2,1,high
716439118184652801,212,2393,1.1,1,high
716791146589110272,1550,7398,1.1,1,high
716802964044845056,1186,4331,1.0,1,low
717009362452090881,980,3285,1.0,1,low
717047459982213120,1949,6345,1.2,1,high
717421804990701568,855,3185,0.9,1,low
717537687239008257,1865,5823,1.1,1,high
717790033953034240,1126,2902,1.0,1,low
717841801130979328,606,2484,1.1,1,high
718234618122661888,1007,3912,1.1,1,high
718246886998687744,506,1946,0.3,1,low
718454725339934721,1518,4904,1.3,1,high
718460005985447936,527,2724,0.9,1,low
718540630683709445,1025,2489,1.0,1,low
718613305783398402,488,2458,1.1,1,high
718631497683582976,8113,19012,1.0,1,low
718939241951195136,1776,5294,1.2,1,high
718971898235854848,1087,3511,1.0,1,low
719332531645071360,962,3451,1.1,1,high
719339463458033665,1247,4457,1.0,1,low
719367763014393856,746,2817,1.1,1,high
719551379208073216,1936,5103,1.0,1,low
719704490224398336,1451,4587,1.2,1,high
719991154352222208,1753,4874,1.0,1,low
720043174954147842,2029,4950,1.1,1,high
720059472081784833,1122,3904,0.9,1,low
720340705894408192,983,2906,1.0,1,low
720389942216527872,2542,6447,1.1,1,high
720415127506415616,1512,4172,1.0,1,low
720775346191278080,673,2499,1.0,1,low
720785406564900865,775,3141,1.2,1,high
721001180231503872,618,2548,1.1,1,high
721503162398597120,1872,4675,1.1,1,high
722613351520608256,1651,5015,1.2,1,high
722974582966214656,1572,4141,1.3,1,high
723179728551723008,1880,5330,0.8,1,low
723673163800948736,898,3041,1.0,1,low
723688335806480385,2967,7745,1.2,1,high
723912936180330496,1249,3940,1.2,1,high
724004602748780546,1576,4217,1.1,1,high
724046343203856385,565,2684,1.0,1,low
724049859469295616,1791,4362,1.0,1,low
724405726123311104,1662,5320,1.0,1,low
724771698126512129,644,2381,1.1,1,high
724983749226668032,1326,3750,1.2,1,high
725729321944506368,1803,5243,1.2,1,high
725786712245440512,1382,4197,1.1,1,high
725842289046749185,2699,7124,1.2,1,high
726224900189511680,1158,4457,0.9,1,low
726828223124897792,1015,3593,1.2,1,high
726887082820554753,1535,3868,1.0,1,low
726935089318363137,2482,6974,1.2,1,high
727175381690781696,1403,3932,1.0,1,low
727286334147182592,820,3073,0.9,1,low
727314416056803329,754,3367,1.1,1,high
727524757080539137,1236,4510,1.0,1,low
727644517743104000,1761,5936,1.3,1,high
727685679342333952,645,2984,1.2,1,high
728015554473250816,1116,4147,1.1,1,high
728035342121635841,1684,4615,1.2,1,high
728046963732717569,1204,4351,1.1,1,high
728387165835677696,972,3725,1.2,1,high
728409960103686147,2027,4960,1.0,1,low
728653952833728512,1047,3347,0.8,1,low
728751179681943552,687,2798,1.0,1,low
728760639972315136,1727,4721,1.3,1,high
728986383096946689,827,3177,1.1,1,high
729113531270991872,327,1898,1.0,1,low
729463711119904772,2342,5856,1.3,1,high
729823566028484608,1257,4020,1.3,1,high
729838605770891264,388,1736,1.2,1,high
729854734790754305,1143,4083,1.1,1,high
730196704625098752,1931,4913,0.6,1,low
730211855403241472,1064,3859,1.1,1,high
730427201120833536,1056,3520,1.1,1,high
730573383004487680,2151,4961,1.0,1,low
730924654643314689,2006,6210,0.9,1,low
731156023742988288,1283,3884,1.2,1,high
731285275100512256,999,3526,1.2,1,high
732005617171337216,5475,15059,1.1,1,high
732375214819057664,2544,8161,1.1,1,high
732585889486888962,785,3706,1.0,1,low
732726085725589504,898,3585,1.1,1,high
732732193018155009,543,2467,1.2,1,high
733109485275860992,17068,50745,1.2,1,high
733460102733135873,1297,4245,1.1,1,high
733482008106668032,958,3176,1.0,1,low
733822306246479872,1031,3714,1.0,1,low
733828123016450049,788,3608,1.0,1,low
734776360183431168,550,2533,1.1,1,high
734787690684657664,6347,12693,1.3,1,high
734912297295085568,528,2772,1.0,1,low
735137028879360001,985,3159,0.9,1,low
735256018284875776,888,3373,0.8,1,low
735274964362878976,5097,13137,1.1,1,high
735635087207878657,2372,6231,1.1,1,high
735648611367784448,1115,4064,1.2,1,high
735991953473572864,1165,3636,1.1,1,high
736010884653420544,3027,7976,1.0,1,low
736225175608430592,2815,8216,1.0,1,low
736365877722001409,1265,4027,1.1,1,high
736736130620620800,1754,4325,1.3,1,high
737310737551491075,7501,14858,1.3,1,high
737322739594330112,819,3647,0.9,1,low
737445876994609152,4514,10384,1.3,1,high
737678689543020544,1346,5102,1.1,1,high
737800304142471168,3500,10096,1.0,1,low
737826014890496000,1789,5330,1.0,1,low
738156290900254721,652,2540,1.0,1,low
738166403467907072,3411,8884,1.2,1,high
738184450748633089,1229,4369,0.9,1,low
738402415918125056,852,3283,1.0,1,low
738537504001953792,1562,5154,1.1,1,high
738883359779196928,798,3352,1.0,1,low
738885046782832640,1152,3814,1.1,1,high
739238157791694849,58688,117240,1.3,1,high
739485634323156992,2966,7235,0.6,1,low
739544079319588864,21569,40068,1.0,1,low
739606147276148736,1670,5422,0.9,1,low
739844404073074688,864,3849,1.2,1,high
739932936087216128,1091,4098,1.0,1,low
739979191639244800,5996,20219,1.2,1,high
740214038584557568,1990,6766,1.0,1,low
740359016048689152,873,3331,0.9,1,low
740365076218183684,436,2487,1.0,1,low
740373189193256964,13462,35390,1.4,1,high
740676976021798912,6914,18388,1.1,1,high
740699697422163968,796,2877,0.8,1,low
740711788199743490,950,3453,0.9,1,low
740995100998766593,2783,6461,1.0,1,low
741067306818797568,3146,9610,1.2,1,high
741303864243200000,3264,8898,1.2,1,high
741438259667034112,847,3725,0.9,1,low
741743634094141440,2798,8276,1.1,1,high
741793263812808706,1533,4609,1.0,1,low
742150209887731712,1570,5200,0.8,1,low
742161199639494656,1402,4403,1.2,1,high
742385895052087300,2003,6887,1.1,1,high
742423170473463808,3830,9942,1.2,1,high
742465774154047488,3949,7351,1.4,1,high
742528092657332225,2011,4486,1.0,1,low
743210557239623680,1390,3889,1.0,1,low
743222593470234624,1928,6300,1.2,1,high
743253157753532416,1244,4283,1.0,1,low
743510151680958465,3769,8013,1.3,1,high
743545585370791937,956,3577,1.1,1,high
743595368194129920,6648,18683,0.7,1,low
743609206067040256,1396,4542,1.0,1,low
743895849529389061,973,3691,1.0,1,low
743980027717509120,1112,4226,1.1,1,high
744234799360020481,79189,158686,1.3,1,high
744334592493166593,2154,6889,1.1,1,high
744709971296780288,1591,5694,1.0,1,low
744971049620602880,2733,7994,1.2,1,high
744995568523612160,633,3009,0.9,1,low
745057283344719872,2299,7346,1.2,1,high
745314880350101504,2799,7291,1.2,1,high
745422732645535745,2474,8713,0.9,1,low
745433870967832576,2581,7180,1.0,1,low
745712589599014916,2366,7107,0.7,1,low
745789745784041472,1086,4085,1.0,1,low
746056683365994496,820,3607,1.1,1,high
746131877086527488,2240,7018,1.0,1,low
746369468511756288,1653,6278,0.9,1,low
746507379341139972,1094,4727,1.0,1,low
746726898085036033,1823,6146,1.2,1,high
746790600704425984,1625,4945,1.0,1,low
746818907684614144,1762,5388,1.3,1,high
746872823977771008,2165,6081,1.1,1,high
746906459439529985,304,2937,0.0,1,
747103485104099331,4039,9719,1.1,1,high
747204161125646336,936,3433,1.0,1,low
747219827526344708,1606,5359,1.1,1,high
747461612269887489,1056,3938,1.0,1,low
747512671126323200,1634,5633,1.0,1,low
747594051852075008,1069,3747,1.1,1,high
747600769478692864,561,2361,0.8,1,low
747816857231626240,1186,4932,0.4,1,low
747844099428986880,762,2859,1.1,1,high
747885874273214464,997,2996,0.8,1,low
747933425676525569,2598,6733,1.1,1,high
747963614829678593,2182,5862,1.0,1,low
748307329658011649,720,3729,0.7,1,low
748324050481647620,776,3743,1.1,1,high
748346686624440324,1251,5314,1.0,1,low
748568946752774144,676,2232,1.2,1,high
748575535303884801,2016,6181,0.6,1,low
748692773788876800,1351,4316,1.0,1,low
748699167502000129,1628,4832,1.1,1,high
748705597323898880,968,2824,1.3,1,high
748932637671223296,2301,5932,1.3,1,high
748977405889503236,3463,10944,1.0,1,low
749036806121881602,805,3153,0.8,1,low
749064354620928000,1547,4881,1.1,1,high
749317047558017024,2268,5593,1.2,1,high
749395845976588288,3511,8728,1.0,1,low
749403093750648834,545,2671,1.0,1,low
749417653287129088,1677,6215,1.1,1,high
749774190421639168,1346,4738,1.2,1,high
749996283729883136,837,3120,1.2,1,high
750011400160841729,921,3300,1.1,1,high
750026558547456000,804,2766,1.0,1,low
750041628174217216,632,3238,1.3,1,high
750056684286914561,915,3214,1.1,1,high
750071704093859840,3405,8008,1.0,1,low
750086836815486976,548,2209,1.2,1,high
750101899009982464,861,3103,1.1,1,high
750117059602808832,1341,4415,1.0,1,low
750132105863102464,1317,3694,1.1,1,high
750147208377409536,979,3168,1.3,1,high
750383411068534784,1173,4642,0.9,1,low
750429297815552001,4365,13424,1.2,1,high
750506206503038976,1165,4528,0.8,1,low
750719632563142656,5145,13452,1.2,1,high
750868782890057730,1401,4878,1.1,1,high
751132876104687617,1329,5177,1.0,1,low
751205363882532864,1860,6445,1.2,1,high
751251247299190784,5998,12760,1.0,1,low
751456908746354688,1019,3276,1.2,1,high
751538714308972544,1291,5138,1.0,1,low
751583847268179968,1129,4493,0.5,1,low
751598357617971201,3097,8065,1.3,1,high
751830394383790080,1989,5916,1.2,1,high
751937170840121344,1359,5293,1.1,1,high
752173152931807232,1875,6056,1.2,1,high
752334515931054080,1123,3888,0.8,1,low
752519690950500352,3504,7506,1.1,1,high
752660715232722944,1594,4472,1.0,1,low
752682090207055872,1625,6117,1.0,1,low
752917284578922496,1617,7049,1.1,1,high
753026973505581056,991,4000,1.0,1,low
753294487569522689,1066,3442,1.1,1,high
753375668877008896,2386,7800,0.8,1,low
753398408988139520,1959,5885,1.2,1,high
753420520834629632,3645,8072,1.1,1,high
753655901052166144,2212,5955,1.0,1,low
754120377874386944,2408,8027,1.0,1,low
754449512966619136,743,3835,1.1,1,high
754482103782404096,1994,5418,1.0,1,low
754747087846248448,535,2642,1.2,1,high
754856583969079297,2583,7038,1.1,1,high
755110668769038337,11332,21688,1.3,1,high
755206590534418437,5464,16798,1.4,1,high
755955933503782912,2953,7487,1.2,1,high
756275833623502848,1566,6558,1.0,1,low
756288534030475264,17831,43679,1.2,1,high
756303284449767430,1121,4032,1.1,1,high
756526248105566208,3668,10622,1.3,1,high
756651752796094464,1340,5170,1.1,1,high
756939218950160384,2054,6781,1.2,1,high
756998049151549440,2030,6417,1.1,1,high
757354760399941633,1457,4623,0.8,1,low
757393109802180609,1784,5953,1.0,1,low
757400162377592832,7019,15451,1.3,1,high
757596066325864448,1078,4437,0.4,1,low
757611664640446465,1129,4666,1.2,1,high
757725642876129280,1239,4645,1.1,1,high
757741869644341248,3324,7020,1.0,1,low
758041019896193024,383,2759,0.9,1,low
758355060040593408,1106,3487,1.1,1,high
758405701903519748,1955,5318,1.0,1,low
758467244762497024,2276,4903,1.1,1,high
758474966123810816,1023,3894,1.1,1,high
758740312047005698,1649,5855,1.2,1,high
758828659922702336,3931,11455,1.3,1,high
758854675097526272,919,3629,1.1,1,high
759047813560868866,2080,6644,1.1,1,high
759099523532779520,4274,14826,0.7,1,low
759197388317847553,1996,6216,1.2,1,high
759447681597108224,2506,8692,1.1,1,high
759557299618865152,1214,4813,1.0,1,low
759793422261743616,1949,6101,1.2,1,high
759846353224826880,2028,6863,1.1,1,high
759923798737051648,5797,15000,1.0,1,low
760190180481531904,1852,5824,1.0,1,low
760252756032651264,894,4028,0.4,1,low
760290219849637889,11806,27415,1.3,1,high
760539183865880579,3714,7754,1.2,1,high
760641137271070720,1326,5077,1.2,1,high
760656994973933572,1958,6763,1.1,1,high
760893934457552897,1001,3900,1.1,1,high
761004547850530816,3563,11586,1.1,1,high
761227390836215808,1607,5425,1.0,1,low
761292947749015552,1115,4581,1.1,1,high
761334018830917632,1492,5318,1.0,1,low
761599872357261312,1215,4228,1.1,1,high
761672994376806400,29837,50658,1.0,1,low
761745352076779520,879,4365,1.1,1,high
761976711479193600,2063,5528,1.2,1,high
762035686371364864,15951,32685,1.4,1,high
762316489655476224,1148,4920,1.1,1,high
762464539388485633,4290,10546,1.2,1,high
762471784394268675,6622,11518,1.2,1,high
762699858130116608,3714,12448,1.1,1,high
763103485927849985,2345,7535,1.0,1,low
763183847194451968,1509,5511,0.8,1,low
763837565564780549,4261,12893,1.1,1,high
764259802650378240,1548,6177,1.0,1,low
764857477905154048,1821,6606,1.2,1,high
765222098633691136,3489,11910,1.0,1,low
765371061932261376,2218,7256,1.1,1,high
765395769549590528,3480,27171,1.3,1,high
765669560888528897,1259,5334,1.2,1,high
765719909049503744,2209,7424,1.2,1,high
766008592277377025,513,3835,1.1,1,high
766069199026450432,877,4350,1.2,1,high
766313316352462849,1937,6962,1.2,1,high
766423258543644672,1638,6172,0.9,1,low
766693177336135680,816,4125,1.1,1,high
766793450729734144,1388,5201,1.0,1,low
767122157629476866,2931,10412,1.3,1,high
767191397493538821,3881,12594,1.3,1,high
767500508068192258,2404,7677,1.2,1,high
767754930266464257,5536,16422,1.1,1,high
767884188863397888,1425,4869,1.0,1,low
768193404517830656,3659,11165,0.8,1,low
768473857036525572,3527,13982,1.1,1,high
768596291618299904,1321,5174,1.2,1,high
768609597686943744,1236,4227,1.0,1,low
768855141948723200,914,4308,1.1,1,high
768970937022709760,6701,14770,1.2,1,high
769212283578875904,1767,5547,1.2,1,high
769695466921623552,1713,6575,1.3,1,high
769940425801170949,9848,32212,1.2,1,high
770069151037685760,2361,7778,1.0,1,low
770293558247038976,1523,6415,1.0,1,low
770414278348247044,2152,6480,1.1,1,high
770655142660169732,1808,7516,1.1,1,high
770772759874076672,1458,5317,1.1,1,high
770787852854652928,1236,5064,1.0,1,low
771014301343748096,1700,7068,0.7,1,low
771102124360998913,1478,6405,1.2,1,high
771136648247640064,3015,9404,1.1,1,high
771380798096281600,5246,10778,1.1,1,high
771500966810099713,2681,8488,1.2,1,high
771770456517009408,3496,12320,1.1,1,high
772102971039580160,959,4109,1.1,1,high
772114945936949249,479,2790,1.0,1,low
772117678702071809,763,3881,1.2,1,high
772152991789019136,1164,3912,1.0,1,low
772193107915964416,1437,6213,1.2,1,high
772581559778025472,1739,6670,1.0,1,low
772826264096874500,2417,8275,1.1,1,high
772877495989305348,3991,8805,1.1,1,high
773191612633579521,4267,10280,1.2,1,high
773247561583001600,3336,9713,1.0,1,low
773308824254029826,7701,23931,1.2,1,high
773547596996571136,6358,22737,1.1,1,high
773670353721753600,1345,5488,1.0,1,low
773704687002451968,1677,6799,1.2,1,high
773922284943896577,1801,6575,1.2,1,high
773985732834758656,4005,11032,1.1,1,high
774314403806253056,5696,22376,1.4,1,high
774639387460112384,1779,6926,1.0,1,low
774757898236878852,1840,8830,1.2,1,high
775085132600442880,4872,15991,1.3,1,high
775364825476165632,3072,7621,1.1,1,high
775729183532220416,4727,13322,1.3,1,high
775733305207554048,4117,14252,1.1,1,high
775842724423557120,2747,12047,1.2,1,high
776088319444877312,157,1894,1.0,1,low
776113305656188928,4496,12092,1.1,1,high
776201521193218049,2602,9901,1.0,1,low
776218204058357768,16395,30817,1.3,1,high
776477788987613185,2870,9091,1.1,1,high
776813020089548800,1254,5019,1.2,1,high
777189768882946048,4435,14717,1.2,1,high
777621514455814149,2577,9031,1.2,1,high
777684233540206592,3025,11556,1.1,1,high
777885040357281792,1679,6552,0.3,1,low
778027034220126208,1671,6742,1.127,1,high
778039087836069888,2729,8745,1.2,1,high
778286810187399168,3402,10718,1.1,1,high
778383385161035776,1138,6022,1.3,1,high
778408200802557953,4484,14038,1.4,1,high
778624900596654080,1045,4779,1.1,1,high
778650543019483137,1563,5947,1.0,1,low
778748913645780993,1356,7104,1.1,1,high
778990705243029504,7470,20619,1.1,1,high
779056095788752897,4681,15236,1.3,1,high
779377524342161408,3209,9085,1.2,1,high
779834332596887552,7312,19515,1.1,1,high
780192070812196864,2319,8979,1.1,1,high
780459368902959104,1112,5452,1.1,1,high
780543529827336192,1796,6510,1.2,1,high
780601303617732608,3460,12481,1.2,1,high
780800785462489090,1350,5659,1.1,1,high
780858289093574656,2077,7413,1.0,1,low
780931614150983680,7578,22295,1.3,1,high
781163403222056960,2830,10108,1.0,1,low
781251288990355457,2154,8697,1.1,1,high
781524693396357120,5749,21394,1.2,1,high
781661882474196992,2816,10781,0.5,1,low
781955203444699136,3488,11480,1.1,1,high
782305867769217024,5780,17199,1.2,1,high
782598640137187329,1941,8036,1.1,1,high
782722598790725632,5580,17829,1.0,1,low
782747134529531904,1458,7723,1.1,1,high
782969140009107456,7645,24900,1.2,1,high
783085703974514689,2287,8422,1.1,1,high
783334639985389568,12115,30110,1.2,1,high
783391753726550016,5702,17433,1.3,1,high
783466772167098368,2328,8744,1.1,1,high
783695101801398276,3336,10791,1.2,1,high
783821107061198850,2039,7602,1.2,1,high
783839966405230592,11180,30999,1.3,1,high
784431430411685888,1327,5896,1.2,1,high
784517518371221505,2628,9276,1.1,1,high
784826020293709826,3359,10463,1.3,1,high
785170936622350336,5019,12454,1.1,1,high
785264754247995392,1696,7501,1.2,1,high
785533386513321988,2069,9416,1.1,1,high
785639753186217984,2311,8102,1.0,1,low
785872687017132033,1900,6921,1.2,1,high
785927819176054784,3295,11788,1.2,1,high
786233965241827333,4946,15787,1.1,1,high
786363235746385920,3648,11267,1.3,1,high
786595970293370880,3229,9737,1.1,1,high
786664955043049472,2655,11000,1.2,1,high
786709082849828864,6341,18842,0.975,1,low
786963064373534720,8262,27494,1.2,1,high
787322443945877504,1810,8068,1.0,1,low
787397959788929025,2949,11248,1.1,1,high
787717603741622272,2896,10603,1.3,1,high
787810552592695296,3184,8968,1.1,1,high
788039637453406209,1375,6347,1.2,1,high
788150585577050112,1346,6327,1.3,1,high
788178268662984705,2178,7480,1.3,1,high
788412144018661376,5475,16104,1.1,1,high
788765914992902144,10746,28363,1.2,1,high
788908386943430656,12943,28374,1.1,1,high
789137962068021249,2917,10056,1.2,1,high
789268448748703744,2701,9445,1.0,1,low
789530877013393408,3514,12178,1.2,1,high
789599242079838210,2006,7008,1.2,1,high
789628658055020548,1847,7780,1.3,1,high
789986466051088384,2408,9576,1.2,1,high
790277117346975746,3305,13005,1.1,1,high
790337589677002753,1956,8110,1.2,1,high
790581949425475584,7470,21393,1.1,1,high
790698755171364864,2003,8507,1.2,1,high
790946055508652032,4876,17250,1.2,1,high
790987426131050500,2219,10216,1.2,1,high
791312159183634433,2640,9113,1.2,1,high
791406955684368384,4294,13611,1.2,1,high
791672322847637504,3264,12184,1.3,1,high
792050063153438720,1874,7440,1.1,1,high
792394556390137856,4471,13947,1.2,1,high
792773781206999040,1750,7622,1.2,1,high
792883833364439040,4451,11729,1.2,1,high
792913359805018113,4136,14858,1.3,1,high
793120401413079041,4067,13159,1.1,1,high
793135492858580992,2588,6686,1.3,1,high
793150605191548928,1770,6408,1.1,1,high
793165685325201412,2896,9764,1.2,1,high
793180763617361921,2087,7197,1.1,1,high
793195938047070209,5869,15848,1.2,1,high
793210959003287553,2912,9259,1.0,1,low
793226087023144960,2988,10190,1.1,1,high
793241302385262592,3421,10899,1.3,1,high
793256262322548741,8700,20708,1.2,1,high
793271401113350145,2491,9016,1.2,1,high
793286476301799424,9560,25483,1.3,1,high
793500921481273345,2473,11074,1.2,1,high
793601777308463104,1693,8268,1.2,1,high
793845145112371200,1947,9569,1.3,1,high
793962221541933056,5100,17432,1.2,1,high
794205286408003585,3452,9548,1.4,1,high
794332329137291264,2778,9919,1.2,1,high
794926597468000259,2403,10643,1.2,1,high
795076730285391872,5650,16808,1.1,1,high
795400264262053889,3003,10450,1.2,1,high
795464331001561088,24675,51500,1.3,1,high
796031486298386433,3863,11212,1.3,1,high
796080075804475393,2412,8773,1.2,1,high
796116448414461957,2507,9449,1.1,1,high
796149749086875649,14898,33463,1.1,1,high
796387464403357696,4331,11424,1.2,1,high
796484825502875648,1834,7859,1.2,1,high
796759840936919040,3180,12283,1.1,1,high
796865951799083009,1997,7963,1.2,1,high
797236660651966464,6886,20680,1.2,1,high
797545162159308800,5075,15079,1.2,1,high
797971864723324932,3242,12048,1.2,1,high
798209839306514432,2666,10786,1.3,1,high
798925684722855936,1490,7748,1.1,1,high
798933969379225600,4666,13570,1.2,1,high
799063482566066176,2570,8374,1.1,1,high
799297110730567681,2872,10256,1.1,1,high
799422933579902976,2007,8347,1.2,1,high
799757965289017345,2251,8712,1.3,1,high
800018252395122689,13708,29412,1.1,1,high
800141422401830912,2655,15856,1.3,1,high
800388270626521089,2922,11565,1.2,1,high
800459316964663297,2252,9840,1.2,1,high
800513324630806528,3116,13599,1.1,1,high
800751577355128832,2904,10929,1.2,1,high
801115127852503040,2192,8375,1.2,1,high
801167903437357056,6167,25386,1.3,1,high
801285448605831168,857,6275,1.0,1,low
801538201127157760,2149,8498,1.2,1,high
801958328846974976,1778,7998,1.2,1,high
802239329049477120,2717,9399,1.2,1,high
802265048156610565,1427,7005,1.1,1,high
802323869084381190,6080,16800,1.3,1,high
802572683846291456,2612,9258,1.2,1,high
802952499103731712,2090,9355,1.2,1,high
803276597545603072,2561,10383,1.1,1,high
803380650405482500,1940,8050,1.2,1,high
803638050916102144,4303,11350,1.3,1,high
803773340896923648,2870,10419,1.2,1,high
804026241225523202,16819,46168,1.3,1,high
804738756058218496,3996,14179,1.2,1,high
805207613751304193,1785,8089,1.2,1,high
805487436403003392,2624,9103,1.2,1,high
805520635690676224,1720,5952,1.3,1,high
805826884734976000,1903,6804,1.2,1,high
805932879469572096,1996,8578,1.2,1,high
806219024703037440,1234,6655,1.1,1,high
806542213899489280,2459,10590,1.1,1,high
806629075125202948,36119,77443,1.3,1,high
807010152071229440,4006,13522,1.2,1,high
807106840509214720,57747,122563,1.3,1,high
807621403335917568,3791,15093,1.4,1,high
808001312164028416,3677,13012,1.2,1,high
808106460588765185,2297,9089,1.2,1,high
808501579447930884,2708,11687,1.2,1,high
808733504066486276,2254,8197,1.2,1,high
808838249661788160,3168,10457,1.3,1,high
809084759137812480,3674,13684,1.1,1,high
809220051211603969,5841,20614,1.2,1,high
809448704142938112,1524,7189,1.2,1,high
809920764300447744,4092,16038,1.0,1,low
810254108431155201,3492,15198,1.2,1,high
810284430598270976,11788,36511,1.3,1,high
810657578271330305,2760,11353,1.1,1,high
810896069567610880,1839,9340,1.1,1,high
811386762094317568,6625,21633,1.1,1,high
811627233043480576,3208,13209,1.0,1,low
811744202451197953,1657,7801,1.3,1,high
811985624773361665,1455,7519,1.1,1,high
812372279581671427,3810,14146,1.3,1,high
812466873996607488,2005,8236,1.2,1,high
812503143955202048,1268,6267,1.3,1,high
812709060537683968,1484,6847,1.2,1,high
812781120811126785,1982,7847,1.0,1,low
813051746834595840,7643,21648,1.3,1,high
813066809284972545,2027,8229,1.2,1,high
813081950185472002,2871,10207,1.1,1,high
813096984823349248,3761,10892,1.1,1,high
813112105746448384,2855,10661,1.2,1,high
813127251579564032,3252,12250,1.1,1,high
813142292504645637,2468,8758,1.3,1,high
813157409116065792,2297,8024,1.2,1,high
813172488309972993,1999,9603,1.2,1,high
813187593374461952,4535,20523,1.3,1,high
813202720496779264,1871,9525,1.1,1,high
813217897535406080,7571,19261,1.3,1,high
813800681631023104,1831,8600,1.2,1,high
813812741911748608,14507,37600,1.4,1,high
813910438903693312,1941,9602,1.1,1,high
814153002265309185,9015,29710,1.2,1,high
814530161257443328,1928,8926,1.2,1,high
814638523311648768,2801,11641,1.2,1,high
814986499976527872,1330,7890,1.1,1,high
815390420867969024,3948,10695,1.3,1,high
815639385530101762,1709,8476,1.2,1,high
815736392542261248,2349,10156,1.1,1,high
815966073409433600,8776,23111,1.3,1,high
815990720817401858,1065,5120,1.1,1,high
816091915477250048,2225,9215,1.2,1,high
816336735214911488,2024,8878,1.1,1,high
816450570814898180,8406,31474,1.3,1,high
816697700272001025,2276,10106,1.2,1,high
816816676327063552,2108,10315,1.2,1,high
817056546584727552,1708,8845,1.1,1,high
817120970343411712,2698,12580,1.3,1,high
817171292965273600,2093,9028,1.3,1,high
817415592588222464,988,5773,1.1,1,high
817423860136083457,15312,34977,1.3,1,high
817536400337801217,3089,12132,1.2,1,high
817777686764523521,2795,11058,1.3,1,high
817827839487737858,28020,53300,1.3,1,high
818145370475810820,2665,12654,1.1,1,high
818259473185828864,2366,11356,1.2,1,high
818536468981415936,2550,11238,1.1,1,high
818614493328580609,2664,10126,1.2,1,high
818627210458333184,7787,23025,1.3,1,high
819004803107983360,38083,89449,1.4,1,high
819006400881917954,19580,46569,1.4,1,high
819227688460238848,6967,23745,1.2,1,high
819347104292290561,1243,7430,1.2,1,high
819588359383371776,2051,9903,1.3,1,high
819711362133872643,3217,13799,1.1,1,high
819924195358416896,5030,13249,1.1,1,high
819952236453363712,1222,5480,1.3,1,high
820078625395449857,6491,20388,1.2,1,high
820314633777061888,583,3434,1.4,1,high
820690176645140481,3334,12553,1.2,1,high
820749716845686786,10222,32413,1.3,1,high
821044531881721856,2356,12991,1.2,1,high
821107785811234820,2208,9842,1.1,1,high
821149554670182400,2068,8907,1.2,1,high
821407182352777218,4495,12113,1.4,1,high
821522889702862852,1824,8244,1.3,1,high
821765923262631936,1702,8645,1.3,1,high
821886076407029760,2390,11641,1.3,1,high
822244816520155136,10195,35913,1.1,1,high
822462944365645825,14821,28899,1.4,1,high
822489057087389700,6600,18631,1.3,1,high
822610361945911296,3040,15187,1.2,1,high
822859134160621569,2366,13617,1.2,1,high
822872901745569793,44660,135293,1.3,1,high
822975315408461824,3553,17752,1.2,1,high
823322678127919110,4155,16132,1.1,1,high
823581115634085888,2707,13354,1.1,1,high
823699002998870016,2592,14299,1.2,1,high
823939628516474880,2789,10890,1.2,1,high
824297048279236611,3981,15444,1.1,1,high
824325613288833024,10795,12090,1.3,1,high
824663926340194305,1792,10336,1.3,1,high
824775126675836928,3625,15305,1.2,1,high
825026590719483904,1301,6476,1.2,1,high
825147591692263424,4681,18744,1.3,1,high
825535076884762624,17762,53471,1.4,1,high
825829644528148480,2561,13017,1.2,1,high
825876512159186944,1933,10698,1.1,1,high
826115272272650244,3222,16028,1.3,1,high
826204788643753985,953,4992,1.3,1,high
826240494070030336,2675,13596,1.1,1,high
826476773533745153,4315,18843,1.2,1,high
826598365270007810,2417,10280,1.3,1,high
826848821049180160,10449,37219,1.3,1,high
826958653328592898,5155,22067,1.2,1,high
827199976799354881,2294,10812,1.3,1,high
827324948884643840,3139,16217,1.2,1,high
827600520311402496,967,7588,1.3,1,high
827653905312006145,3088,15817,1.2,1,high
827933404142436356,5383,20536,1.2,1,high
828011680017821696,2206,10581,1.1,1,high
828046555563323392,2945,12022,1.3,1,high
828372645993398273,3015,12816,1.2,1,high
828376505180889089,1100,7543,1.3,1,high
828381636999917570,2272,12866,1.4,1,high
828408677031882754,1322,7836,1.2,1,high
828409743546925057,1188,6465,1.2,1,high
828650029636317184,1383,9717,1.4,1,high
828708714936930305,11473,37341,1.0,1,low
828770345708580865,6015,26113,1.3,1,high
829011960981237760,16699,54161,1.3,1,high
829141528400556032,7547,24941,1.2,1,high
829449946868879360,2076,10664,1.1,1,high
829501995190984704,10881,32401,1.2,1,high
829861396166877184,2000,12471,1.2,1,high
830097400375152640,3028,10024,1.3,1,high
830583320585068544,17185,68225,1.3,1,high
830956169170665475,1527,8130,1.2,1,high
831262627380748289,2091,12139,1.2,1,high
831309418084069378,2510,11974,1.2,1,high
831315979191906304,1151,6668,1.3,1,high
831322785565769729,1588,9420,1.2,1,high
831552930092285952,2357,9164,1.3,1,high
831650051525054464,1984,7289,1.3,1,high
831670449226514432,1859,10646,1.3,1,high
831911600680497154,6660,28167,1.4,1,high
831939777352105988,6273,24425,1.2,1,high
832032802820481025,4764,18199,1.2,1,high
832273440279240704,2387,11541,1.4,1,high
832369877331693569,3264,17492,1.1,1,high
832397543355072512,2264,12147,1.2,1,high
832636094638288896,2848,16137,1.2,1,high
832757312314028032,3695,17135,1.3,1,high
832998151111966721,2252,13522,1.3,1,high
833124694597443584,4934,20529,1.2,1,high
833479644947025920,2094,15100,1.3,1,high
833722901757046785,3289,21133,1.3,1,high
833826103416520705,3838,18323,1.3,1,high
833863086058651648,2451,13619,1.2,1,high
834086379323871233,2245,13290,1.2,1,high
834167344700198914,3727,16076,1.1,1,high
834209720923721728,4850,20964,1.2,1,high
834458053273591808,1715,9789,1.2,1,high
834574053763584002,2583,13893,1.3,1,high
834786237630337024,5588,21656,1.3,1,high
834931633769889797,1678,11002,1.2,1,high
835152434251116546,3074,22813,0.0,1,
835172783151792128,5871,26595,1.2,1,high
835264098648616962,1729,7855,1.2,1,high
835297930240217089,3071,16721,1.2,1,high
835574547218894849,3675,18067,1.1,1,high
836001077879255040,4329,19388,1.3,1,high
836260088725786625,4370,21631,1.3,1,high
836380477523124226,3029,14960,1.2,1,high
836677758902222849,2260,12788,1.1,1,high
836753516572119041,4715,19597,1.2,1,high
836989968035819520,2322,12941,1.2,1,high
837110210464448512,2406,16296,1.3,1,high
837471256429613056,2311,12984,1.2,1,high
837482249356513284,447,3890,1.3,1,high
837820167694528512,7981,34611,1.2,1,high
838083903487373313,3192,17871,1.3,1,high
838476387338051585,4846,22841,1.3,1,high
838561493054533637,1351,11066,1.3,1,high
838921590096166913,2091,11291,1.3,1,high
839239871831150596,6616,27511,1.3,1,high
839549326359670784,7869,27825,1.2,1,high
839990271299457024,2311,13581,1.3,1,high
840268004936019968,5802,19495,1.2,1,high
840370681858686976,4600,16636,1.3,1,high
840632337062862849,1787,9088,1.2,1,high
840696689258311684,983,12414,1.0,1,low
841077006473256960,5376,23107,1.2,1,high
841314665196081154,4716,15989,1.3,1,high
841439858740625411,3729,12772,1.4,1,high
841680585030541313,7880,25941,1.2,1,high
842115215311396866,3057,14117,1.2,1,high
842163532590374912,5847,24688,1.2,1,high
842535590457499648,3541,18250,1.3,1,high
842765311967449089,1295,6805,1.2,1,high
842846295480000512,3665,15379,1.3,1,high
843235543001513987,6074,21680,1.3,1,high
843604394117681152,2765,17015,1.1,1,high
843856843873095681,4655,21609,1.2,1,high
844223788422217728,2220,13734,1.2,1,high
844580511645339650,3150,16578,1.1,1,high
844973813909606400,3220,15197,1.2,1,high
844979544864018432,2572,13713,1.3,1,high
845306882940190720,5420,23471,1.2,1,high
845397057150107648,1810,7675,1.3,1,high
845677943972139009,4813,25321,1.2,1,high
845812042753855489,8738,29411,1.3,1,high
846042936437604353,2879,16059,1.2,1,high
846153765933735936,9082,31789,1.3,1,high
846514051647705089,11607,44841,1.3,1,high
846874817362120707,3937,20178,1.3,1,high
847116187444137987,3189,21513,1.1,1,high
847157206088847362,5873,19957,1.1,1,high
847251039262605312,4308,20550,1.2,1,high
847606175596138505,3419,18807,1.2,1,high
847842811428974592,1335,5455,1.2,1,high
847962785489326080,5087,23548,1.0,1,low
848212111729840128,3047,16338,0.6,1,low
848324959059550208,4607,24747,1.2,1,high
848690551926992896,4320,25212,1.2,1,high
849051919805034497,8461,42358,1.3,1,high
849336543269576704,1900,11404,1.1,1,high
849412302885593088,3154,15855,1.2,1,high
849776966551130114,7584,30441,1.2,1,high
850019790995546112,4856,20398,1.2,1,high
850145622816686080,3782,16302,1.1,1,high
850380195714523136,2605,13047,1.3,1,high
850753642995093505,9083,30778,1.1,1,high
851224888060895234,5688,20587,1.3,1,high
851464819735769094,7004,24136,1.4,1,high
851591660324737024,3449,16169,1.1,1,high
852189679701164033,1571,11387,1.2,1,high
852226086759018497,6782,19861,1.4,1,high
852311364735569921,9828,32887,1.3,1,high
852553447878664193,3447,16193,1.3,1,high
852672615818899456,2128,14801,1.2,1,high
852912242202992640,1804,8984,1.2,1,high
853299958564483072,3503,15355,1.3,1,high
853639147608842240,9944,34424,1.3,1,high
853760880890318849,5653,28302,1.2,1,high
854010172552949760,3107,16019,1.1,1,high
854120357044912130,7376,31624,1.4,1,high
854365224396361728,4614,18648,1.3,1,high
854482394044301312,6757,28897,1.3,1,high
854732716440526848,5953,22487,1.2,1,high
855459453768019968,8042,29418,1.2,1,high
855851453814013952,17546,44887,1.3,1,high
856282028240666624,6143,27274,1.4,1,high
856526610513747968,1830,11634,1.4,1,high
856543823941562368,2813,16001,1.2,1,high
857029823797047296,3893,18523,1.2,1,high
857263160327368704,4389,19624,1.3,1,high
857393404942143489,1592,5769,1.3,1,high
857746408056729600,10307,33495,1.3,1,high
857989990357356544,2513,15755,1.2,1,high
858107933456039936,2826,15396,1.2,1,high
858471635011153920,4707,21021,1.3,1,high
858843525470990336,3379,15208,1.3,1,high
859074603037188101,13177,33059,1.3,1,high
859196978902773760,29124,87752,1.2,1,high
859607811541651456,1511,18135,1.3,1,high
859851578198683649,3387,15033,1.3,1,high
859924526012018688,3955,19065,1.2,1,high
860184849394610176,5635,16230,1.4,1,high
860276583193509888,3365,17856,1.2,1,high
860524505164394496,5116,23007,1.3,1,high
860563773140209665,2068,7304,1.3,1,high
861005113778896900,3673,16226,1.2,1,high
861288531465048066,3981,16698,1.3,1,high
861383897657036800,10283,35068,1.3,1,high
862096992088072192,22241,72222,1.3,1,high
862457590147678208,4735,19859,1.3,1,high
862722525377298433,3398,16562,1.1,1,high
862831371563274240,4932,18604,1.3,1,high
863062471531167744,2324,8223,1.3,1,high
863079547188785154,1059,8510,1.4,1,high
863432100342583297,5018,23083,1.2,1,high
863553081350529029,4009,14810,1.3,1,high
863907417377173506,3945,19949,1.3,1,high
864197398364647424,8472,29077,1.3,1,high
864279568663928832,2883,14101,1.2,1,high
864873206498414592,8307,31221,1.4,1,high
865006731092295680,7336,27077,1.3,1,high
865359393868664832,4765,25596,1.3,1,high
865718153858494464,5352,24787,1.3,1,high
866334964761202691,13597,50632,1.2,1,high
866450705531457537,33525,118063,1.3,1,high
866686824827068416,3298,18604,1.2,1,high
867051520902168576,7476,31072,1.3,1,high
867421006826221569,2362,15518,1.2,1,high
867774946302451713,6970,32719,1.3,1,high
867900495410671616,3968,23325,1.2,1,high
868552278524837888,1967,9723,1.2,1,high
868622495443632128,5021,25690,1.3,1,high
868880397819494401,13655,62979,1.4,1,high
869227993411051520,3580,19632,1.3,1,high
869596645499047938,2960,15348,1.2,1,high
869702957897576449,5962,27122,1.3,1,high
869772420881756160,9525,40820,1.3,1,high
870063196459192321,7838,35120,1.4,1,high
870308999962521604,3911,20993,1.3,1,high
870374049280663552,24911,79506,1.3,1,high
870656317836468226,2488,11875,1.3,1,high
870804317367881728,5835,32256,1.1,1,high
871032628920680449,3593,21789,1.3,1,high
871515927908634625,3254,19314,1.2,1,high
871762521631449091,3267,19379,1.2,1,high
871879754684805121,10349,36083,1.3,1,high
872122724285648897,7599,32862,1.2,1,high
872486979161796608,8457,38964,1.2,1,high
872620804844003328,3428,19839,1.3,1,high
872820683541237760,3476,14080,1.3,1,high
872967104147763200,5080,26085,1.2,1,high
873213775632977920,1489,6856,1.2,1,high
873580283840344065,3677,23108,1.3,1,high
874012996292530176,9617,32830,1.3,1,high
874057562936811520,3703,21670,1.2,1,high
874296783580663808,3838,24834,1.3,1,high
874680097055178752,4321,26544,1.2,1,high
875021211251597312,4410,24281,1.2,1,high
875144289856114688,4584,20885,1.3,1,high
875747767867523072,3977,23993,1.3,1,high
876120275196170240,4342,26648,1.3,1,high
876484053909872640,2217,17887,1.3,1,high
876838120628539392,3102,19700,1.2,1,high
877201837425926144,5203,25805,1.2,1,high
877316821321428993,4825,26093,1.3,1,high
877556246731214848,3549,21631,1.2,1,high
877736472329191424,17657,75661,1.3,1,high
878057613040115712,6311,40029,1.4,1,high
878281511006478336,1198,7360,1.3,1,high
878776093423087618,3802,18422,1.3,1,high
879008229531029506,2494,18057,1.3,1,high
879050749262655488,4340,21433,1.1,1,high
879376492567855104,2912,15991,1.2,1,high
879415818425184262,41254,100673,1.3,1,high
879492040517615616,2958,22320,1.2,1,high
879862464715927552,3244,21243,1.3,1,high
880095782870896641,4020,26291,1.1,1,high
880221127280381952,3882,25663,1.2,1,high
880465832366813184,5787,27117,1.2,1,high
880872448815771648,3552,20244,1.2,1,high
880935762899988482,2591,16206,1.3,1,high
881268444196462592,4871,22043,1.2,1,high
881536004380872706,14811,46993,1.4,1,high
881666595344535552,9912,48156,1.3,1,high
881906580714921986,3151,23131,1.2,1,high
882045870035918850,4550,27860,1.3,1,high
882268110199369728,10765,42652,1.3,1,high
882627270321602560,5627,26579,1.3,1,high
882762694511734784,4544,26888,1.2,1,high
882992080364220416,3613,22716,1.3,1,high
883117836046086144,6159,35269,1.3,1,high
883360690899218434,3436,21560,1.3,1,high
883482846933004288,9176,43619,0.5,1,low
883838122936631299,3201,20771,1.2,1,high
884162670584377345,2772,19385,1.2,1,high
884441805382717440,5269,25705,1.4,1,high
884562892145688576,4359,23096,1.3,1,high
884876753390489601,5185,26483,1.3,1,high
884925521741709313,16798,73442,1.2,1,high
885167619883638784,4063,20816,1.3,1,high
885528943205470208,5921,34172,1.3,1,high
885984800019947520,6250,30977,1.2,1,high
886258384151887873,5851,26589,1.3,1,high
886366144734445568,2943,20097,1.2,1,high
886680336477933568,4138,21343,1.3,1,high
886736880519319552,2992,11410,1.3,1,high
886983233522544640,7118,33275,1.3,1,high
887101392804085760,5521,29093,1.2,1,high
887343217045368832,9690,32004,1.3,1,high
887473957103951883,16705,65455,1.3,1,high
887517139158093824,10890,44027,1.4,1,high
887705289381826560,4983,28705,1.3,1,high
888078434458587136,3210,20691,1.2,1,high
888554962724278272,3241,18801,1.3,1,high
888804989199671297,3948,24301,1.3,1,high
888917238123831296,4183,27675,1.2,1,high
889278841981685760,4956,23938,1.3,1,high
889531135344209921,2093,14377,1.3,1,high
889638837579907072,4166,25733,1.2,1,high
889665388333682689,9288,45678,1.3,1,high
889880896479866881,4627,26495,1.3,1,high
890006608113172480,6793,29168,1.3,1,high
890240255349198849,6807,30312,1.4,1,high
890609185150312448,3974,26486,1.3,1,high
890729181411237888,17483,61924,1.3,1,high
890971913173991426,1896,11218,1.3,1,high
891087950875897856,2885,19247,1.3,1,high
891327558926688256,8638,38261,1.2,1,high
891689557279858688,8001,40060,1.3,1,high
891815181378084864,3843,23823,1.2,1,high
892177421306343426,5798,31623,1.3,1,high
892420643555336193,7833,36718,1.3,1,high
